{
  "total_experiments": 70,
  "significant_positive": 47,
  "best_accuracy": 0.5306169730546462,
  "best_edge": 3.061697305464617,
  "training_samples": 928524,
  "testing_samples": 99355,
  "total_features": 141,
  "timestamp": "2026-01-20T21:48:38.947857"
}