{
  "accuracy": 0.5211802895278035,
  "edge": 2.1180289527803486,
  "total_return": 1.9104862799998772,
  "total_trades": 1291,
  "win_rate": 52.59488768396592,
  "percentile_threshold": 80,
  "timestamp": "2026-01-20T21:55:09.775003"
}